,image_name,tags
0,train_0.png,mozzarella_cheese tomato_sauce pepperoni sausage
1,train_1.png,mozzarella_cheese tomato_sauce pepperoni sausage
2,train_2.png,mozzarella_cheese tomato_sauce pepperoni sausage
3,train_3.png,mozzarella_cheese tomato_sauce pepperoni sausage
4,train_4.png,mozzarella_cheese tomato_sauce pepperoni sausage
5,train_5.png,mozzarella_cheese tomato_sauce pepperoni sausage
6,train_6.png,mozzarella_cheese tomato_sauce pepperoni sausage
7,train_7.png,mozzarella_cheese tomato_sauce pepperoni sausage
8,train_8.png,mozzarella_cheese tomato_sauce pepperoni sausage
9,train_9.png,mozzarella_cheese tomato_sauce pepperoni sausage
10,train_10.png,mozzarella_cheese tomato_sauce pepperoni sausage
11,train_11.png,mozzarella_cheese tomato_sauce pepperoni sausage
12,train_12.png,mozzarella_cheese tomato_sauce pepperoni sausage
13,train_13.png,mozzarella_cheese tomato_sauce pepperoni sausage
14,train_14.png,mozzarella_cheese tomato_sauce pepperoni sausage
15,train_15.png,mozzarella_cheese tomato_sauce pepperoni sausage
16,train_16.png,mozzarella_cheese tomato_sauce pepperoni sausage
17,train_17.png,mozzarella_cheese tomato_sauce pepperoni sausage
18,train_18.png,mozzarella_cheese tomato_sauce pepperoni sausage
19,train_19.png,mozzarella_cheese tomato_sauce pepperoni sausage
20,train_20.png,mozzarella_cheese tomato_sauce pepperoni sausage
21,train_21.png,mozzarella_cheese tomato_sauce pepperoni sausage
22,train_22.png,mozzarella_cheese tomato_sauce pepperoni sausage
23,train_23.png,mozzarella_cheese tomato_sauce pepperoni sausage
24,train_24.png,mozzarella_cheese tomato_sauce pepperoni sausage
25,train_25.png,mozzarella_cheese tomato_sauce pepperoni sausage
26,train_26.png,mozzarella_cheese tomato_sauce pepperoni sausage
27,train_27.png,mozzarella_cheese tomato_sauce pepperoni sausage
28,train_28.png,mozzarella_cheese tomato_sauce pepperoni sausage
29,train_29.png,mozzarella_cheese tomato_sauce pepperoni sausage
30,train_30.png,mozzarella_cheese tomato_sauce pepperoni sausage
31,train_31.png,mozzarella_cheese tomato_sauce pepperoni sausage
32,train_32.png,mozzarella_cheese tomato_sauce pepperoni sausage
33,train_33.png,mozzarella_cheese tomato_sauce pepperoni sausage
34,train_34.png,mozzarella_cheese tomato_sauce pepperoni sausage
35,train_35.png,mozzarella_cheese tomato_sauce sausage
36,train_36.png,mozzarella_cheese tomato_sauce sausage
37,train_37.png,mozzarella_cheese tomato_sauce sausage
38,train_38.png,mozzarella_cheese tomato_sauce sausage
39,train_39.png,mozzarella_cheese tomato_sauce sausage
40,train_40.png,mozzarella_cheese tomato_sauce sausage
41,train_41.png,mozzarella_cheese tomato_sauce sausage
42,train_42.png,mozzarella_cheese tomato_sauce sausage
43,train_43.png,mozzarella_cheese tomato_sauce sausage
44,train_44.png,mozzarella_cheese tomato_sauce sausage
45,train_45.png,mozzarella_cheese tomato_sauce sausage
46,train_46.png,mozzarella_cheese tomato_sauce sausage
47,train_47.png,mozzarella_cheese tomato_sauce sausage
48,train_48.png,mozzarella_cheese tomato_sauce sausage
49,train_49.png,mozzarella_cheese tomato_sauce sausage
50,train_50.png,mozzarella_cheese tomato_sauce sausage
51,train_51.png,mozzarella_cheese tomato_sauce sausage
52,train_52.png,mozzarella_cheese tomato_sauce sausage
53,train_53.png,mozzarella_cheese tomato_sauce sausage
54,train_54.png,mozzarella_cheese tomato_sauce sausage
55,train_55.png,mozzarella_cheese tomato_sauce sausage
56,train_56.png,mozzarella_cheese tomato_sauce
57,train_57.png,mozzarella_cheese tomato_sauce
58,train_58.png,mozzarella_cheese tomato_sauce
59,train_59.png,mozzarella_cheese tomato_sauce
60,train_60.png,mozzarella_cheese tomato_sauce
61,train_61.png,mozzarella_cheese tomato_sauce
62,train_62.png,mozzarella_cheese tomato_sauce
63,train_63.png,mozzarella_cheese tomato_sauce
64,train_64.png,mozzarella_cheese tomato_sauce
65,train_65.png,mozzarella_cheese tomato_sauce
66,train_66.png,mozzarella_cheese tomato_sauce
67,train_67.png,mozzarella_cheese tomato_sauce
68,train_68.png,mozzarella_cheese tomato_sauce
69,train_69.png,mozzarella_cheese tomato_sauce
70,train_70.png,mozzarella_cheese tomato_sauce
71,train_71.png,mozzarella_cheese tomato_sauce
72,train_72.png,mozzarella_cheese tomato_sauce
73,train_73.png,mozzarella_cheese tomato_sauce
74,train_74.png,mozzarella_cheese tomato_sauce
75,train_75.png,mozzarella_cheese tomato_sauce
76,train_76.png,mozzarella_cheese tomato_sauce
77,train_77.png,mozzarella_cheese tomato_sauce
78,train_78.png,mozzarella_cheese tomato_sauce
79,train_79.png,mozzarella_cheese tomato_sauce
80,train_80.png,mozzarella_cheese tomato_sauce
81,train_81.png,mozzarella_cheese tomato_sauce
82,train_82.png,mozzarella_cheese tomato_sauce
83,train_83.png,mozzarella_cheese tomato_sauce
84,train_84.png,mozzarella_cheese tomato_sauce
85,train_85.png,mozzarella_cheese tomato_sauce
86,train_86.png,mozzarella_cheese tomato_sauce
87,train_87.png,mozzarella_cheese tomato_sauce
88,train_88.png,mozzarella_cheese tomato_sauce
89,train_89.png,mozzarella_cheese tomato_sauce
90,train_90.png,mozzarella_cheese tomato_sauce
91,train_91.png,mozzarella_cheese tomato_sauce
92,train_92.png,mozzarella_cheese tomato_sauce
93,train_93.png,mozzarella_cheese tomato_sauce
94,train_94.png,mozzarella_cheese tomato_sauce
95,train_95.png,mozzarella_cheese tomato_sauce pepperoni
96,train_96.png,mozzarella_cheese tomato_sauce pepperoni
97,train_97.png,mozzarella_cheese tomato_sauce pepperoni
98,train_98.png,mozzarella_cheese tomato_sauce pepperoni
99,train_99.png,mozzarella_cheese tomato_sauce pepperoni
100,train_100.png,mozzarella_cheese tomato_sauce pepperoni
101,train_101.png,mozzarella_cheese tomato_sauce pepperoni
102,train_102.png,mozzarella_cheese tomato_sauce pepperoni
103,train_103.png,mozzarella_cheese tomato_sauce pepperoni
104,train_104.png,mozzarella_cheese tomato_sauce pepperoni
105,train_105.png,mozzarella_cheese tomato_sauce pepperoni
106,train_106.png,mozzarella_cheese tomato_sauce pepperoni
107,train_107.png,mozzarella_cheese tomato_sauce pepperoni
108,train_108.png,mozzarella_cheese tomato_sauce pepperoni
109,train_109.png,mozzarella_cheese tomato_sauce pepperoni
110,train_110.png,mozzarella_cheese tomato_sauce pepperoni
111,train_111.png,mozzarella_cheese tomato_sauce pepperoni
112,train_112.png,mozzarella_cheese tomato_sauce pepperoni
113,train_113.png,mozzarella_cheese tomato_sauce pepperoni
114,train_114.png,mozzarella_cheese tomato_sauce pepperoni
115,train_115.png,mozzarella_cheese tomato_sauce pepperoni
116,train_116.png,mozzarella_cheese tomato_sauce pepperoni
117,train_117.png,mozzarella_cheese tomato_sauce pepperoni
118,train_118.png,mozzarella_cheese tomato_sauce pepperoni
119,train_119.png,mozzarella_cheese tomato_sauce pepperoni
120,train_120.png,mozzarella_cheese tomato_sauce pepperoni
121,train_121.png,mozzarella_cheese tomato_sauce pepperoni
122,train_122.png,mozzarella_cheese tomato_sauce pepperoni
123,train_123.png,mozzarella_cheese tomato_sauce pepperoni
124,train_124.png,mozzarella_cheese tomato_sauce pepperoni
125,train_125.png,mozzarella_cheese tomato_sauce pepperoni
126,train_126.png,mozzarella_cheese tomato_sauce pepperoni
127,train_127.png,mozzarella_cheese tomato_sauce pepperoni
128,train_128.png,mozzarella_cheese tomato_sauce pepperoni
129,train_129.png,mozzarella_cheese tomato_sauce pepperoni
130,train_130.png,mozzarella_cheese tomato_sauce pepperoni
131,train_131.png,mozzarella_cheese tomato_sauce pepperoni
132,train_132.png,mozzarella_cheese tomato_sauce sausage peppers
133,train_133.png,mozzarella_cheese tomato_sauce sausage peppers
134,train_134.png,mozzarella_cheese tomato_sauce sausage peppers
135,train_135.png,mozzarella_cheese tomato_sauce sausage peppers
136,train_136.png,mozzarella_cheese tomato_sauce sausage peppers
137,train_137.png,mozzarella_cheese tomato_sauce sausage peppers
138,train_138.png,mozzarella_cheese tomato_sauce sausage peppers
139,train_139.png,mozzarella_cheese tomato_sauce sausage peppers
140,train_140.png,mozzarella_cheese tomato_sauce sausage peppers
141,train_141.png,mozzarella_cheese tomato_sauce sausage peppers
142,train_142.png,mozzarella_cheese tomato_sauce sausage peppers
143,train_143.png,mozzarella_cheese tomato_sauce sausage peppers
144,train_144.png,mozzarella_cheese tomato_sauce sausage peppers
145,train_145.png,mozzarella_cheese tomato_sauce sausage peppers
146,train_146.png,mozzarella_cheese tomato_sauce sausage peppers
147,train_147.png,mozzarella_cheese tomato_sauce sausage peppers
148,train_148.png,mozzarella_cheese tomato_sauce sausage peppers
149,train_149.png,mozzarella_cheese tomato_sauce sausage peppers
150,train_150.png,mozzarella_cheese tomato_sauce sausage peppers
151,train_151.png,mozzarella_cheese tomato_sauce sausage peppers
152,train_152.png,mozzarella_cheese tomato_sauce sausage peppers
153,train_153.png,mozzarella_cheese tomato_sauce sausage peppers
154,train_154.png,mozzarella_cheese tomato_sauce sausage peppers
155,train_155.png,mozzarella_cheese tomato_sauce sausage peppers
156,train_156.png,mozzarella_cheese tomato_sauce mushrooms
157,train_157.png,mozzarella_cheese tomato_sauce mushrooms
158,train_158.png,mozzarella_cheese tomato_sauce mushrooms
159,train_159.png,mozzarella_cheese tomato_sauce mushrooms
160,train_160.png,mozzarella_cheese tomato_sauce mushrooms
161,train_161.png,mozzarella_cheese tomato_sauce mushrooms
162,train_162.png,mozzarella_cheese tomato_sauce mushrooms
163,train_163.png,mozzarella_cheese tomato_sauce mushrooms
164,train_164.png,mozzarella_cheese tomato_sauce mushrooms
165,train_165.png,mozzarella_cheese tomato_sauce mushrooms
166,train_166.png,mozzarella_cheese tomato_sauce mushrooms
167,train_167.png,mozzarella_cheese tomato_sauce mushrooms
168,train_168.png,mozzarella_cheese tomato_sauce mushrooms
169,train_169.png,mozzarella_cheese tomato_sauce mushrooms
170,train_170.png,mozzarella_cheese tomato_sauce mushrooms
171,train_171.png,mozzarella_cheese tomato_sauce mushrooms
172,train_172.png,mozzarella_cheese tomato_sauce mushrooms
173,train_173.png,mozzarella_cheese tomato_sauce mushrooms
174,train_174.png,mozzarella_cheese tomato_sauce mushrooms
175,train_175.png,mozzarella_cheese tomato_sauce mushrooms
176,train_176.png,mozzarella_cheese tomato_sauce mushrooms
177,train_177.png,mozzarella_cheese tomato_sauce mushrooms
178,train_178.png,mozzarella_cheese tomato_sauce mushrooms
179,train_179.png,mozzarella_cheese tomato_sauce mushrooms
180,train_180.png,mozzarella_cheese tomato_sauce mushrooms
181,train_181.png,mozzarella_cheese tomato_sauce mushrooms
182,train_182.png,mozzarella_cheese tomato_sauce mushrooms
183,train_183.png,mozzarella_cheese tomato_sauce mushrooms
184,train_184.png,mozzarella_cheese tomato_sauce mushrooms
185,train_185.png,mozzarella_cheese tomato_sauce mushrooms
186,train_186.png,mozzarella_cheese tomato_sauce mushrooms
