image_name,tags
train_0.png,mozzarella_cheese tomato_sauce pepperoni sausage
train_1.png,mozzarella_cheese tomato_sauce pepperoni sausage
train_2.png,mozzarella_cheese tomato_sauce pepperoni sausage
train_3.png,mozzarella_cheese tomato_sauce pepperoni sausage
train_4.png,mozzarella_cheese tomato_sauce pepperoni sausage
train_5.png,mozzarella_cheese tomato_sauce pepperoni sausage
train_6.png,mozzarella_cheese tomato_sauce pepperoni sausage
train_7.png,mozzarella_cheese tomato_sauce pepperoni sausage
train_8.png,mozzarella_cheese tomato_sauce pepperoni sausage
train_9.png,mozzarella_cheese tomato_sauce pepperoni sausage
train_10.png,mozzarella_cheese tomato_sauce pepperoni sausage
train_11.png,mozzarella_cheese tomato_sauce pepperoni sausage
train_12.png,mozzarella_cheese tomato_sauce pepperoni sausage
train_13.png,mozzarella_cheese tomato_sauce pepperoni sausage
train_14.png,mozzarella_cheese tomato_sauce pepperoni sausage
train_15.png,mozzarella_cheese tomato_sauce pepperoni sausage
train_16.png,mozzarella_cheese tomato_sauce pepperoni sausage
train_17.png,mozzarella_cheese tomato_sauce pepperoni sausage
train_18.png,mozzarella_cheese tomato_sauce pepperoni sausage
train_19.png,mozzarella_cheese tomato_sauce pepperoni sausage
train_20.png,mozzarella_cheese tomato_sauce pepperoni sausage
train_21.png,mozzarella_cheese tomato_sauce pepperoni sausage
train_22.png,mozzarella_cheese tomato_sauce pepperoni sausage
train_23.png,mozzarella_cheese tomato_sauce pepperoni sausage
train_24.png,mozzarella_cheese tomato_sauce pepperoni sausage
train_25.png,mozzarella_cheese tomato_sauce pepperoni sausage
train_26.png,mozzarella_cheese tomato_sauce pepperoni sausage
train_27.png,mozzarella_cheese tomato_sauce pepperoni sausage
train_28.png,mozzarella_cheese tomato_sauce pepperoni sausage
train_29.png,mozzarella_cheese tomato_sauce pepperoni sausage
train_30.png,mozzarella_cheese tomato_sauce pepperoni sausage
train_31.png,mozzarella_cheese tomato_sauce pepperoni sausage
train_32.png,mozzarella_cheese tomato_sauce pepperoni sausage
train_33.png,mozzarella_cheese tomato_sauce pepperoni sausage
train_34.png,mozzarella_cheese tomato_sauce pepperoni sausage
train_35.png,mozzarella_cheese tomato_sauce sausage
train_36.png,mozzarella_cheese tomato_sauce sausage
train_37.png,mozzarella_cheese tomato_sauce sausage
train_38.png,mozzarella_cheese tomato_sauce sausage
train_39.png,mozzarella_cheese tomato_sauce sausage
train_40.png,mozzarella_cheese tomato_sauce sausage
train_41.png,mozzarella_cheese tomato_sauce sausage
train_42.png,mozzarella_cheese tomato_sauce sausage
train_43.png,mozzarella_cheese tomato_sauce sausage
train_44.png,mozzarella_cheese tomato_sauce sausage
train_45.png,mozzarella_cheese tomato_sauce sausage
train_46.png,mozzarella_cheese tomato_sauce sausage
train_47.png,mozzarella_cheese tomato_sauce sausage
train_48.png,mozzarella_cheese tomato_sauce sausage
train_49.png,mozzarella_cheese tomato_sauce sausage
train_50.png,mozzarella_cheese tomato_sauce sausage
train_51.png,mozzarella_cheese tomato_sauce sausage
train_52.png,mozzarella_cheese tomato_sauce sausage
train_53.png,mozzarella_cheese tomato_sauce sausage
train_54.png,mozzarella_cheese tomato_sauce sausage
train_55.png,mozzarella_cheese tomato_sauce sausage
train_56.png,mozzarella_cheese tomato_sauce
train_57.png,mozzarella_cheese tomato_sauce
train_58.png,mozzarella_cheese tomato_sauce
train_59.png,mozzarella_cheese tomato_sauce
train_60.png,mozzarella_cheese tomato_sauce
train_61.png,mozzarella_cheese tomato_sauce
train_62.png,mozzarella_cheese tomato_sauce
train_63.png,mozzarella_cheese tomato_sauce
train_64.png,mozzarella_cheese tomato_sauce
train_65.png,mozzarella_cheese tomato_sauce
train_66.png,mozzarella_cheese tomato_sauce
train_67.png,mozzarella_cheese tomato_sauce
train_68.png,mozzarella_cheese tomato_sauce
train_69.png,mozzarella_cheese tomato_sauce
train_70.png,mozzarella_cheese tomato_sauce
train_71.png,mozzarella_cheese tomato_sauce
train_72.png,mozzarella_cheese tomato_sauce
train_73.png,mozzarella_cheese tomato_sauce
train_74.png,mozzarella_cheese tomato_sauce
train_75.png,mozzarella_cheese tomato_sauce
train_76.png,mozzarella_cheese tomato_sauce
train_77.png,mozzarella_cheese tomato_sauce
train_78.png,mozzarella_cheese tomato_sauce
train_79.png,mozzarella_cheese tomato_sauce
train_80.png,mozzarella_cheese tomato_sauce
train_81.png,mozzarella_cheese tomato_sauce
train_82.png,mozzarella_cheese tomato_sauce
train_83.png,mozzarella_cheese tomato_sauce
train_84.png,mozzarella_cheese tomato_sauce
train_85.png,mozzarella_cheese tomato_sauce
train_86.png,mozzarella_cheese tomato_sauce
train_87.png,mozzarella_cheese tomato_sauce
train_88.png,mozzarella_cheese tomato_sauce
train_89.png,mozzarella_cheese tomato_sauce
train_90.png,mozzarella_cheese tomato_sauce
train_91.png,mozzarella_cheese tomato_sauce
train_92.png,mozzarella_cheese tomato_sauce
train_93.png,mozzarella_cheese tomato_sauce
train_94.png,mozzarella_cheese tomato_sauce
train_95.png,mozzarella_cheese tomato_sauce pepperoni
train_96.png,mozzarella_cheese tomato_sauce pepperoni
train_97.png,mozzarella_cheese tomato_sauce pepperoni
train_98.png,mozzarella_cheese tomato_sauce pepperoni
train_99.png,mozzarella_cheese tomato_sauce pepperoni
train_100.png,mozzarella_cheese tomato_sauce pepperoni
train_101.png,mozzarella_cheese tomato_sauce pepperoni
train_102.png,mozzarella_cheese tomato_sauce pepperoni
train_103.png,mozzarella_cheese tomato_sauce pepperoni
train_104.png,mozzarella_cheese tomato_sauce pepperoni
train_105.png,mozzarella_cheese tomato_sauce pepperoni
train_106.png,mozzarella_cheese tomato_sauce pepperoni
train_107.png,mozzarella_cheese tomato_sauce pepperoni
train_108.png,mozzarella_cheese tomato_sauce pepperoni
train_109.png,mozzarella_cheese tomato_sauce pepperoni
train_110.png,mozzarella_cheese tomato_sauce pepperoni
train_111.png,mozzarella_cheese tomato_sauce pepperoni
train_112.png,mozzarella_cheese tomato_sauce pepperoni
train_113.png,mozzarella_cheese tomato_sauce pepperoni
train_114.png,mozzarella_cheese tomato_sauce pepperoni
train_115.png,mozzarella_cheese tomato_sauce pepperoni
train_116.png,mozzarella_cheese tomato_sauce pepperoni
train_117.png,mozzarella_cheese tomato_sauce pepperoni
train_118.png,mozzarella_cheese tomato_sauce pepperoni
train_119.png,mozzarella_cheese tomato_sauce pepperoni
train_120.png,mozzarella_cheese tomato_sauce pepperoni
train_121.png,mozzarella_cheese tomato_sauce pepperoni
train_122.png,mozzarella_cheese tomato_sauce pepperoni
train_123.png,mozzarella_cheese tomato_sauce pepperoni
train_124.png,mozzarella_cheese tomato_sauce pepperoni
train_125.png,mozzarella_cheese tomato_sauce pepperoni
train_126.png,mozzarella_cheese tomato_sauce pepperoni
train_127.png,mozzarella_cheese tomato_sauce pepperoni
train_128.png,mozzarella_cheese tomato_sauce pepperoni
train_129.png,mozzarella_cheese tomato_sauce pepperoni
train_130.png,mozzarella_cheese tomato_sauce pepperoni
train_131.png,mozzarella_cheese tomato_sauce pepperoni
train_132.png,mozzarella_cheese tomato_sauce sausage peppers
train_133.png,mozzarella_cheese tomato_sauce sausage peppers
train_134.png,mozzarella_cheese tomato_sauce sausage peppers
train_135.png,mozzarella_cheese tomato_sauce sausage peppers
train_136.png,mozzarella_cheese tomato_sauce sausage peppers
train_137.png,mozzarella_cheese tomato_sauce sausage peppers
train_138.png,mozzarella_cheese tomato_sauce sausage peppers
train_139.png,mozzarella_cheese tomato_sauce sausage peppers
train_140.png,mozzarella_cheese tomato_sauce sausage peppers
train_141.png,mozzarella_cheese tomato_sauce sausage peppers
train_142.png,mozzarella_cheese tomato_sauce sausage peppers
train_143.png,mozzarella_cheese tomato_sauce sausage peppers
train_144.png,mozzarella_cheese tomato_sauce sausage peppers
train_145.png,mozzarella_cheese tomato_sauce sausage peppers
train_146.png,mozzarella_cheese tomato_sauce sausage peppers
train_147.png,mozzarella_cheese tomato_sauce sausage peppers
train_148.png,mozzarella_cheese tomato_sauce sausage peppers
train_149.png,mozzarella_cheese tomato_sauce sausage peppers
train_150.png,mozzarella_cheese tomato_sauce sausage peppers
train_151.png,mozzarella_cheese tomato_sauce sausage peppers
train_152.png,mozzarella_cheese tomato_sauce sausage peppers
train_153.png,mozzarella_cheese tomato_sauce sausage peppers
train_154.png,mozzarella_cheese tomato_sauce sausage peppers
train_155.png,mozzarella_cheese tomato_sauce sausage peppers
train_156.png,mozzarella_cheese tomato_sauce mushrooms
train_157.png,mozzarella_cheese tomato_sauce mushrooms
train_158.png,mozzarella_cheese tomato_sauce mushrooms
train_159.png,mozzarella_cheese tomato_sauce mushrooms
train_160.png,mozzarella_cheese tomato_sauce mushrooms
train_161.png,mozzarella_cheese tomato_sauce mushrooms
train_162.png,mozzarella_cheese tomato_sauce mushrooms
train_163.png,mozzarella_cheese tomato_sauce mushrooms
train_164.png,mozzarella_cheese tomato_sauce mushrooms
train_165.png,mozzarella_cheese tomato_sauce mushrooms
train_166.png,mozzarella_cheese tomato_sauce mushrooms
train_167.png,mozzarella_cheese tomato_sauce mushrooms
train_168.png,mozzarella_cheese tomato_sauce mushrooms
train_169.png,mozzarella_cheese tomato_sauce mushrooms
train_170.png,mozzarella_cheese tomato_sauce mushrooms
train_171.png,mozzarella_cheese tomato_sauce mushrooms
train_172.png,mozzarella_cheese tomato_sauce mushrooms
train_173.png,mozzarella_cheese tomato_sauce mushrooms
train_174.png,mozzarella_cheese tomato_sauce mushrooms
train_175.png,mozzarella_cheese tomato_sauce mushrooms
train_176.png,mozzarella_cheese tomato_sauce mushrooms
train_177.png,mozzarella_cheese tomato_sauce mushrooms
train_178.png,mozzarella_cheese tomato_sauce mushrooms
train_179.png,mozzarella_cheese tomato_sauce mushrooms
train_180.png,mozzarella_cheese tomato_sauce mushrooms
train_181.png,mozzarella_cheese tomato_sauce mushrooms
train_182.png,mozzarella_cheese tomato_sauce mushrooms
train_183.png,mozzarella_cheese tomato_sauce mushrooms
train_184.png,mozzarella_cheese tomato_sauce mushrooms
train_185.png,mozzarella_cheese tomato_sauce mushrooms
train_186.png,mozzarella_cheese tomato_sauce mushrooms